{
    "display": {
        "title": {
            "text": "May the Undead stay down",
            "bold": false,
            "italic": true,
            "color": "dark_purple"
        },
        "description": {
            "text": "Reinforce the Crystal Sword",
		"color": "gray"
        },
        "icon": {
            "item": "minecraft:diamond_sword"
        },
        "frame": "goal",
        "show_toast": true,
        "announce_to_chat": true,
        "hidden": false
    },
    "criteria": {
        "healthaxe": {
            "trigger": "minecraft:inventory_changed",
            "conditions": {
                "items": [
                    {
                        "count": {
                            "min": 1,
                            "max": 1
                        },
                        "item": "minecraft:diamond_sword",
                        "nbt": "{banesword_reinforced:1b}"
                    }
                ]
            }
        }
    },
    "parent": "gd:banesword"
}