{
  "parent": "gd:root",
  "criteria": {
    "in_church": {
      "conditions": {
        "player": [
          {
            "condition": "minecraft:entity_properties",
            "entity": "this",
            "predicate": {
              "location": {
                "structure": "gd:church"
              }
            }
          }
        ]
      },
      "trigger": "minecraft:location"
    }
  },
  "display": {
        "title": {
            "text": "Nice Architecture",
            "bold": false,
            "italic": true,
            "color": "green"
        },
        "description": {
            "text": "Visited the Monastery of Highpeak",
		"color": "gray"
        },
        "icon": {
            "item": "minecraft:map"
        },
        "frame": "task",
        "show_toast": true,
        "announce_to_chat": true,
        "hidden": false
    },
  "requirements": [
    [
      "in_church"
    ]
  ],
  "sends_telemetry_event": true
}