{
  "parent": "gd:root",
  "criteria": {
    "on_ashen_horse": {
      "conditions": {
        "player": [
          {
            "condition": "minecraft:entity_properties",
            "entity": "this",
            "predicate": {
              "vehicle": {
                "type": "minecraft:donkey",
                "nbt": "{Tags:[ashen]}"
              }
            }
          }
        ]
      },
      "trigger": "minecraft:started_riding"
    }
  },
  "display": {
    "title": {
      "text": "Hippedy, Hoppedy",
      "bold": false,
      "italic": true,
      "color": "dark_purple"
    },
    "description": {
      "text": "Riding the Ashen Basaltclimber",
      "color": "gray"
    },
    "icon": {
      "item": "minecraft:saddle"
    },
    "frame": "goal",
    "show_toast": true,
    "announce_to_chat": true,
    "hidden": false
  },
  "requirements": [
    [
      "on_ashen_horse"
    ]
  ],
  "sends_telemetry_event": true
}
