{
    "display": {
        "title": {
            "text": "The Legends are true",
            "bold": false,
            "italic": true,
            "color": "gold"
        },
        "description": {
            "text": "Complete the ritual to forge Night's Edge",
		"color": "gray"
        },
        "icon": {
            "item": "minecraft:netherite_sword"
        },
        "frame": "goal",
        "show_toast": true,
        "announce_to_chat": true,
        "hidden": false
    },
    "criteria": {
        "healthaxe": {
            "trigger": "minecraft:inventory_changed",
            "conditions": {
                "items": [
                    {
                        "count": {
                            "min": 1,
                            "max": 1
                        },
                        "item": "minecraft:netherite_sword",
                        "nbt": "{night:1b}"
                    }
                ]
            }
        }
    },
    "parent": "gd:banesword_re"
}