{
  "pools": [
    {
      "rolls": 1,
      "entries": [
        {
          "type": "item",
          "name": "minecraft:written_book",
          "weight": 100,
          "functions": [
            {
              "function": "set_nbt",
              "tag": "{pages:['{\"text\":\"Reinforcement of the Warbow:\\\\n\\\\n1x Morbex Warbow\\\\n16x Sculk Catalysts\\\\n1x Netherite Ingot\\\\n1x Soul Shard\\\\n\\\\nAll materials need to be put together on a fully charged Respawn Anchor.\"}'],title:\"Reinforcement - Warbow\",author:unknown,generation:1,display:{Lore:[\"Warbow\"]}}"
            }
          ]
        }
      ]
    }
  ]

 
}